product_id,sku,product_name,category,unit_of_measure,cost_ugx,selling_price_ugx,unit_raw,unit_std,unit_status,category_raw,category_std,category_status,cost_ugx_raw,selling_price_ugx_raw,cost_ugx_std,selling_price_ugx_std,price_status,margin_anomaly_flag,duplicate_sku_flag
,,,,,,,,,missing,,,missing,,,,,missing,False,False
,,,,,,,,,missing,,,missing,,,,,missing,False,False
,,,,,,,,,missing,Unknown,,mapped,,,,,missing,False,False
,,,,,,,,,missing,Unknown,,mapped,,,,,missing,False,False
,,,,,,,,,missing,Unknown,,mapped,,,,,missing,False,False
,,,,,,,,,missing,,,missing,,,,,missing,False,False
,,,,,,,,,missing,,,missing,,,,,missing,False,False
,,,,,,,,,missing,,,missing,,,,,missing,False,False
,,,,,,,,,missing,Unknown,,mapped,,,,,missing,False,False
,,,,,,,,,missing,Unknown,,mapped,,,,,missing,False,False
,,,,,,,,,missing,Unknown,,mapped,,,,,missing,False,False
,,,,,,,,,missing,Unknown,,mapped,,,,,missing,False,False
,,,,,,,,,missing,,,missing,,,,,missing,False,False
,,,,,,,,,missing,,,missing,,,,,missing,False,False
,,,,,,,,,missing,,,missing,,,,,missing,False,False
,,,,,,,,,missing,,,missing,,,,,missing,False,False
,,,,,,,,,missing,Unknown,,mapped,,,,,missing,False,False
,,,,,,,,,missing,,,missing,,,,,missing,False,False
,,,,,,,,,missing,,,missing,,,,,missing,False,False
,,,,,,,,,missing,,,missing,,,,,missing,False,False
,,,,,,,,,missing,,,missing,,,,,missing,False,False
,,,,,,,,,missing,,,missing,,,,,missing,False,False
,,,,,,,,,missing,Unknown,,mapped,,,,,missing,False,False
,,,,,,,,,missing,,,missing,,,,,missing,False,False
,,,,,,,,,missing,,,missing,,,,,missing,False,False
,,,,,,,,,missing,Unknown,,mapped,,,,,missing,False,False
,,,,,,,,,missing,,,missing,,,,,missing,False,False
,,,,,,,,,missing,,,missing,,,,,missing,False,False
,,,,,,,,,missing,Unknown,,mapped,,,,,missing,False,False
,,,,,,,,,missing,Unknown,,mapped,,,,,missing,False,False
,,,,,,,,,missing,,,missing,,,,,missing,False,False
,,,,,,,,,missing,Unknown,,mapped,,,,,missing,False,False
,,,,,,,,,missing,,,missing,,,,,missing,False,False
,,,,,,,,,missing,,,missing,,,,,missing,False,False
,,,,,,,,,missing,,,missing,,,,,missing,False,False
,,,,,,,,,missing,Unknown,,mapped,,,,,missing,False,False
